2025-11-30 17:22:35.765153 +0800 +08 m=+15.867317042,Successful Login for test4@gmail.com
2025-11-30 17:22:35.765366 +0800 +08 m=+15.867530459,Successful Login for test4@gmail.com
2025-11-30 17:22:35.765385 +0800 +08 m=+15.867549251,Successful Login for test4@gmail.com
2025-11-30 17:22:35.765411 +0800 +08 m=+15.867575834,Successful Login for test4@gmail.com
2025-11-30 17:22:35.765426 +0800 +08 m=+15.867590417,Successful Login for test4@gmail.com
2025-11-30 17:22:35.791178 +0800 +08 m=+15.893343251,Successful Login for test4@gmail.com
2025-11-30 17:22:35.812486 +0800 +08 m=+15.914651417,Rate Limited for test4@gmail.com
2025-11-30 17:22:35.818336 +0800 +08 m=+15.920501292,Rate Limited for test4@gmail.com
2025-11-30 17:22:35.818451 +0800 +08 m=+15.920616917,Rate Limited for test4@gmail.com
2025-11-30 17:22:35.818858 +0800 +08 m=+15.921023667,Rate Limited for test4@gmail.com
2025-11-30 17:22:35.818907 +0800 +08 m=+15.921072626,Successful Login for test4@gmail.com
2025-11-30 17:22:35.819017 +0800 +08 m=+15.921182834,Successful Login for test4@gmail.com
2025-11-30 17:22:35.819124 +0800 +08 m=+15.921289251,Rate Limited for test4@gmail.com
2025-11-30 17:22:35.819172 +0800 +08 m=+15.921337542,Successful Login for test4@gmail.com
2025-11-30 17:22:35.825379 +0800 +08 m=+15.927545376,Successful Login for test4@gmail.com
2025-11-30 17:22:35.826486 +0800 +08 m=+15.928651751,Rate Limited for test4@gmail.com
2025-11-30 17:22:35.826919 +0800 +08 m=+15.929085084,Rate Limited for test4@gmail.com
2025-11-30 17:22:35.827843 +0800 +08 m=+15.930009042,Rate Limited for test4@gmail.com
2025-11-30 17:22:35.828732 +0800 +08 m=+15.930898126,Rate Limited for test4@gmail.com
2025-11-30 17:22:35.828824 +0800 +08 m=+15.930989542,Rate Limited for test4@gmail.com
2025-11-30 17:22:35.829767 +0800 +08 m=+15.931933292,Rate Limited for test4@gmail.com
2025-11-30 17:22:35.82979 +0800 +08 m=+15.931955626,Rate Limited for test4@gmail.com
2025-11-30 17:22:35.82979 +0800 +08 m=+15.931955709,Rate Limited for test4@gmail.com
2025-11-30 17:22:35.829801 +0800 +08 m=+15.931967167,Rate Limited for test4@gmail.com
2025-11-30 17:22:35.829809 +0800 +08 m=+15.931974834,Rate Limited for test4@gmail.com
2025-11-30 17:22:35.829822 +0800 +08 m=+15.931988001,Rate Limited for test4@gmail.com
2025-11-30 17:22:35.829821 +0800 +08 m=+15.931987334,Rate Limited for test4@gmail.com
2025-11-30 17:22:35.829836 +0800 +08 m=+15.932001792,Rate Limited for test4@gmail.com
2025-11-30 17:22:35.830913 +0800 +08 m=+15.933079042,Rate Limited for test4@gmail.com
2025-11-30 17:22:35.833397 +0800 +08 m=+15.935563417,Rate Limited for test4@gmail.com
2025-11-30 17:30:22.291291 +0800 +08 m=+7.710949251,Successful Login for test4@gmail.com
2025-11-30 17:30:22.291421 +0800 +08 m=+7.711078876,Successful Login for test4@gmail.com
2025-11-30 17:30:22.30614 +0800 +08 m=+7.725798043,Successful Login for test4@gmail.com
2025-11-30 17:30:22.306494 +0800 +08 m=+7.726152668,Successful Login for test4@gmail.com
2025-11-30 17:30:22.310732 +0800 +08 m=+7.730390043,Rate Limited for test4@gmail.com
2025-11-30 17:30:22.311688 +0800 +08 m=+7.731346251,Rate Limited for test4@gmail.com
2025-11-30 17:30:22.311865 +0800 +08 m=+7.731522835,Successful Login for test4@gmail.com
2025-11-30 17:30:22.311908 +0800 +08 m=+7.731566543,Successful Login for test4@gmail.com
2025-11-30 17:30:22.311926 +0800 +08 m=+7.731584543,Successful Login for test4@gmail.com
2025-11-30 17:30:22.311942 +0800 +08 m=+7.731600043,Successful Login for test4@gmail.com
2025-11-30 17:30:22.31196 +0800 +08 m=+7.731617751,Rate Limited for test4@gmail.com
2025-11-30 17:30:22.311975 +0800 +08 m=+7.731632835,Successful Login for test4@gmail.com
2025-11-30 17:30:22.31572 +0800 +08 m=+7.735377751,Rate Limited for test4@gmail.com
2025-11-30 17:30:22.316032 +0800 +08 m=+7.735690126,Rate Limited for test4@gmail.com
2025-11-30 17:30:22.319799 +0800 +08 m=+7.739457293,Rate Limited for test4@gmail.com
2025-11-30 17:30:22.320245 +0800 +08 m=+7.739903085,Rate Limited for test4@gmail.com
2025-11-30 17:30:22.321807 +0800 +08 m=+7.741464751,Rate Limited for test4@gmail.com
2025-11-30 17:30:22.321836 +0800 +08 m=+7.741494085,Rate Limited for test4@gmail.com
2025-11-30 17:30:22.321858 +0800 +08 m=+7.741516543,Rate Limited for test4@gmail.com
2025-11-30 17:30:22.324003 +0800 +08 m=+7.743660793,Rate Limited for test4@gmail.com
2025-11-30 17:30:22.324089 +0800 +08 m=+7.743747085,Rate Limited for test4@gmail.com
2025-11-30 17:30:22.324112 +0800 +08 m=+7.743769668,Rate Limited for test4@gmail.com
2025-11-30 17:30:22.32414 +0800 +08 m=+7.743798293,Rate Limited for test4@gmail.com
2025-11-30 17:30:22.325023 +0800 +08 m=+7.744680626,Rate Limited for test4@gmail.com
2025-11-30 17:30:22.326174 +0800 +08 m=+7.745832418,Successful Login for test4@gmail.com
2025-11-30 17:30:22.337112 +0800 +08 m=+7.756770293,Rate Limited for test4@gmail.com
2025-11-30 17:30:22.34242 +0800 +08 m=+7.762077793,Rate Limited for test4@gmail.com
2025-11-30 17:30:22.361621 +0800 +08 m=+7.781279085,Rate Limited for test4@gmail.com
2025-11-30 17:30:22.362535 +0800 +08 m=+7.782192918,Rate Limited for test4@gmail.com
2025-11-30 17:30:22.364299 +0800 +08 m=+7.783956210,Rate Limited for test4@gmail.com
2025-11-30 19:38:28.205434 +0800 +08 m=+10.431540543,Successful Login for test4@gmail.com
2025-11-30 19:47:51.041551 +0800 +08 m=+6.822762460,Successful Login for test4@gmail.com
2025-11-30 19:52:34.638971 +0800 +08 m=+4.959693460,Successful Login for test4@gmail.com
2025-12-07 11:36:00.072981 +0800 +08 m=+59.827367876,Successful Login for test4@gmail.com
2025-12-07 11:37:26.888043 +0800 +08 m=+146.641911459,Successful Login for test4@gmail.com
2025-12-07 11:37:32.258483 +0800 +08 m=+152.012319793,Successful Login for test4@gmail.com
2025-12-07 11:43:31.372156 +0800 +08 m=+122.576548501,Successful Login for test4@gmail.com
2025-12-07 12:01:37.345055 +0800 +08 m=+24.761057834,Successful Login for test4@gmail.com
2025-12-07 12:01:38.816073 +0800 +08 m=+26.232060668,Successful Login for test4@gmail.com
2025-12-07 12:01:39.457468 +0800 +08 m=+26.873449793,Successful Login for test4@gmail.com
2025-12-07 12:01:40.10363 +0800 +08 m=+27.519604959,Successful Login for test4@gmail.com
2025-12-07 12:01:40.685238 +0800 +08 m=+28.101207584,Successful Login for test4@gmail.com
2025-12-07 12:01:41.21459 +0800 +08 m=+28.630554584,Successful Login for test4@gmail.com
2025-12-07 12:01:41.77628 +0800 +08 m=+29.192239418,Successful Login for test4@gmail.com
2025-12-07 12:01:42.431949 +0800 +08 m=+29.847901126,Successful Login for test4@gmail.com
2025-12-07 12:01:43.239312 +0800 +08 m=+30.655256626,Successful Login for test4@gmail.com
2025-12-07 12:01:44.141853 +0800 +08 m=+31.557788834,Successful Login for test4@gmail.com
2025-12-07 12:01:44.965609 +0800 +08 m=+32.381536043,Rate Limited for test4@gmail.com
2025-12-07 12:02:04.618629 +0800 +08 m=+52.034362459,Rate Limited for test4@gmail.com
2025-12-07 12:02:17.473644 +0800 +08 m=+64.889250709,Successful Login for test3@gmail.com
2025-12-07 12:02:23.657165 +0800 +08 m=+71.072710918,Successful Login for test3@gmail.com
2025-12-07 12:02:24.242608 +0800 +08 m=+71.658148209,Successful Login for test3@gmail.com
2025-12-07 12:02:24.804878 +0800 +08 m=+72.220412293,Successful Login for test3@gmail.com
2025-12-07 12:02:25.215867 +0800 +08 m=+72.631398001,Successful Login for test3@gmail.com
2025-12-07 12:02:25.662985 +0800 +08 m=+73.078510834,Successful Login for test3@gmail.com
2025-12-07 12:02:26.080814 +0800 +08 m=+73.496336543,Successful Login for test3@gmail.com
2025-12-07 12:02:26.38583 +0800 +08 m=+73.801349001,Successful Login for test3@gmail.com
2025-12-07 12:02:26.750878 +0800 +08 m=+74.166393501,Successful Login for test3@gmail.com
2025-12-07 12:02:27.075987 +0800 +08 m=+74.491498834,Successful Login for test3@gmail.com
2025-12-07 12:02:27.277194 +0800 +08 m=+74.692704501,Rate Limited for test3@gmail.com
2025-12-07 12:02:37.295736 +0800 +08 m=+84.711147459,Rate Limited for test3@gmail.com
